name,forward,seq,index
SARS-CoV-2_1_LEFT,true,AACAAACCAACCAACTTTCGATCTC,25
SARS-CoV-2_2_LEFT,true,TTTACAGGTTCGCGACGTGC,324
SARS-CoV-2_1_RIGHT,false,CTTCTACTAAGCCACAAGTGCCA,408
SARS-CoV-2_3_LEFT,true,GTAATAAAGGAGCTGGTGGCCA,644
SARS-CoV-2_2_RIGHT,false,ATAAGGATCAGTGCCAAGCTCG,705
SARS-CoV-2_4_LEFT,true,GTGTATACTGCTGCCGTGAACA,944
SARS-CoV-2_3_RIGHT,false,GCCAATTTAATTTCAAAAGGTGTCTGC,1017
SARS-CoV-2_5_LEFT,true,TGAAACTTCATGGCAGACGGG,1245
SARS-CoV-2_4_RIGHT,false,ACAACAGCATTTTGGGGTAAGTAAC,1337
SARS-CoV-2_6_LEFT,true,CGTGCTAGCGCTAACATAGGTT,1540
SARS-CoV-2_5_RIGHT,false,TTGATGTTGACTTTCTCTTTTTGGAGT,1623
SARS-CoV-2_7_LEFT,true,ACTGAGTCCTCTTTATGCATTTGC,1851
SARS-CoV-2_6_RIGHT,false,AACACGCACAGAATTTTGAGCAG,1925
SARS-CoV-2_8_LEFT,true,GCTTGAAGAGAAGTTTAAGGAAGGTG,2154
SARS-CoV-2_7_RIGHT,false,CCACCGACAATTTCACAAGCAC,2228
SARS-CoV-2_9_LEFT,true,TCTTCTTAGAGGGAGAAACACTTCC,2483
SARS-CoV-2_8_RIGHT,false,GGTTGTTCTAATGGTTGTAAATCACCA,2544
SARS-CoV-2_10_LEFT_alt1,true,TGAATATCACTTTTGAACTTGATGAAAGGATTG,2780
SARS-CoV-2_10_LEFT,true,TGAGAAGTGCTCTGCCTATACAGT,2826
SARS-CoV-2_9_RIGHT,false,CACAGGCGAACTCATTTACTTCTG,2861
SARS-CoV-2_11_LEFT,true,AGAAGAGTTTGAGCCATCAACTCA,3078
SARS-CoV-2_10_RIGHT_alt1,false,GGTTGAAGAGCAGCAGAAGTG,3156
SARS-CoV-2_10_RIGHT,false,TCATCTAACCAATCTTCTTCTTGCTCT,3183
SARS-CoV-2_12_LEFT,true,TGCAGACATTGTGGAAGAAGCT,3390
SARS-CoV-2_11_RIGHT,false,TTTAAGGCTCCTGCAACACCTC,3470
SARS-CoV-2_13_LEFT,true,AGCACGAAGTTCTACTTGCACC,3683
SARS-CoV-2_12_RIGHT,false,CAGCTAAGTAGACATTTGTGCGAAC,3769
SARS-CoV-2_14_LEFT,true,TGGAAGAAACTAAGTTCCTCACAGAA,3992
SARS-CoV-2_13_RIGHT,false,GATGTCAATGTCACTAACAAGAGTGG,4067
SARS-CoV-2_15_LEFT,true,AAAAGTGCCTTTTACATTCTACCATCT,4312
SARS-CoV-2_14_RIGHT,false,CATGTGCAAGCATTTCTCGCAA,4387
SARS-CoV-2_16_LEFT,true,TGTAACACATGGCTTAAATTTGGAAGAA,4620
SARS-CoV-2_15_RIGHT,false,GCATCAGGTGAAGAAACAGAAACTG,4685
SARS-CoV-2_17_LEFT,true,TGACAATCTTAAGACACTTCTTTCTTTGAG,4923
SARS-CoV-2_16_RIGHT,false,CACAACTTGCGTGTGGAGGTTA,4995
SARS-CoV-2_18_LEFT,true,TGGAAATACCCACAAGTTAATGGTTTAAC,5230
SARS-CoV-2_17_RIGHT,false,TTCAACTCTATTTGTTGGAGTGTTAACAA,5302
SARS-CoV-2_19_LEFT,true,AAGCTGTTATGTACATGGGCACA,5561
SARS-CoV-2_18_RIGHT,false,GCTTGTTTACCACACGTACAAGG,5620
SARS-CoV-2_20_LEFT,true,ACAAAGAAAACAGTTACACAACAACCA,5867
SARS-CoV-2_19_RIGHT,false,TGTCCAACTTAGGGTCAATTTCTGT,5932
SARS-CoV-2_21_LEFT,true,CACTACACACCCTCTTTTAAGAAAGG,6184
SARS-CoV-2_20_RIGHT,false,ACGTGGCTTTATTAGTTGCATTGTT,6247
SARS-CoV-2_22_LEFT,true,GTAGGAGACATTATACTTAAACCAGCAAA,6478
SARS-CoV-2_21_RIGHT,false,GTAAGACTAGAATTGTCTACATAAGCAGC,6553
SARS-CoV-2_23_LEFT,true,AAACCGTGTTTGTACTAATTATATGCCTT,6747
SARS-CoV-2_22_RIGHT,false,CCGACACTCTTAACAGTATTCTTTGC,6859
SARS-CoV-2_24_LEFT,true,GGTTACAGAGAAGGCTATTTGAACTCT,7057
SARS-CoV-2_23_RIGHT,false,AACCACTAAGACAAACACTACAAGGT,7122
SARS-CoV-2_23_RIGHT_alt1,false,AGAATCTAAACCACTAAGACAAACACTAC,7127
SARS-CoV-2_25_LEFT,true,CAAATGGCCCCGATTTCAGCTA,7381
SARS-CoV-2_24_RIGHT,false,ACAACATGCACATAACTTTTCCATACA,7440
SARS-CoV-2_26_LEFT,true,GCGAGAGACTTGTCACTACAGTT,7672
SARS-CoV-2_25_RIGHT,false,TGGATGGAACCATTCTTCACTGT,7747
SARS-CoV-2_27_LEFT,true,CTGATGTTGGTGATAGTGCGGA,7997
SARS-CoV-2_26_RIGHT,false,GAGTTTTTCCATTGGTACGTTAAAAGTTG,8063
SARS-CoV-2_28_LEFT,true,TGAAAACATGACACCCCGTGAC,8304
SARS-CoV-2_27_RIGHT_alt1,false,AATGTTGTGACTTTTTGCTACCTGC,8367
SARS-CoV-2_27_RIGHT,false,AGCAATGTTGTGACTTTTTGCTACC,8370
SARS-CoV-2_29_LEFT,true,CTTGTGTTCCTTTTTGTTGCTGC,8596
SARS-CoV-2_28_RIGHT,false,TGACACCACCATCAATAGCCTTG,8691
SARS-CoV-2_30_LEFT,true,ACCTAGAGTTTTTAGTGCAGTTGGT,8919
SARS-CoV-2_29_RIGHT,false,AGCCAAAACACAAGCTGATGTTG,8990
SARS-CoV-2_31_LEFT,true,CCTTGAAGGTTCTGTTAGAGTGGT,9168
SARS-CoV-2_30_RIGHT,false,CTACACCACAGAAAACTCCTGGT,9306
SARS-CoV-2_32_LEFT,true,GAGCTTTTGGTGAATACAGTCATGTAG,9470
SARS-CoV-2_31_RIGHT,false,AATGAGTAAACTGGTGTTAAACAGAGTAC,9535
SARS-CoV-2_33_LEFT,true,GTACTTTTGAAGAAGCTGCGCTG,9782
SARS-CoV-2_32_RIGHT,false,GAGGTAATAGCACATCACTACGCA,9842
SARS-CoV-2_34_LEFT,true,TCCCATCTGGTAAAGTTGAGGGT,10076
SARS-CoV-2_33_RIGHT,false,TGTCTTGGACAGTAAACTACGTCATC,10150
SARS-CoV-2_35_LEFT,true,GTGTTAGCTTGTTACAATGGTTCACC,10393
SARS-CoV-2_34_RIGHT,false,CCACATGAACCATTAAGGAATGAACC,10465
SARS-CoV-2_36_LEFT,true,CAATCGATTTACCACAACTCTTAATGACT,10713
SARS-CoV-2_35_RIGHT,false,AGGTCCTAGTATGTCAACATGGTCT,10785
SARS-CoV-2_37_LEFT,true,CACACCACTGGTTGTTACTCACA,11000
SARS-CoV-2_36_RIGHT,false,ACCCATAGCAAAAGGTAAAAAGGC,11092
SARS-CoV-2_38_LEFT,true,GACTGTGTTATGTATGCATCAGCTG,11305
SARS-CoV-2_37_RIGHT,false,GTGTCAAGACATTCATAAGTGTCCAC,11388
SARS-CoV-2_39_LEFT,true,GCTATTTTTGTACTTGTTACTTTGGCC,11624
SARS-CoV-2_38_RIGHT,false,CCTGTGTAGAAACTAAGTAATCATAAACACC,11689
SARS-CoV-2_40_LEFT,true,TGTCCAGTTACACAATGACATTCTCT,11937
SARS-CoV-2_39_RIGHT,false,CCCTGCATGGAAAGCAAAACAG,12011
SARS-CoV-2_41_LEFT,true,ATTTGACCGTGATGCAGCCAT,12234
SARS-CoV-2_40_RIGHT,false,ACTTTTGCCCTCTTGTCCTCAG,12317
SARS-CoV-2_42_LEFT,true,TGGTACAACATTTACTTATGCATCAGC,12519
SARS-CoV-2_41_RIGHT,false,AAGAGGCCATGCTAAATTAGGTGAA,12618
SARS-CoV-2_43_LEFT,true,GGATTTGAAATGGGCTAGATTCCCT,12831
SARS-CoV-2_42_RIGHT,false,TGTCTGTAACAAACCTACAAGGTGG,12895
SARS-CoV-2_44_LEFT,true,GGGGACAACCAATCACTAATTGTG,13124
SARS-CoV-2_43_RIGHT,false,CGATGCACCACCAAAGGATTCT,13218
SARS-CoV-2_45_LEFT,true,TAAACGGGTTTGCGGTGTAAGT,13463
SARS-CoV-2_44_RIGHT,false,CATCAGTACTAGTGCCTGTGCC,13506
SARS-CoV-2_46_LEFT,true,AGAATAGACGGTGACATGGTACC,13752
SARS-CoV-2_45_RIGHT,false,TCACAATTACCTTCATCAAAATGCCT,13833
SARS-CoV-2_47_LEFT,true,TGGTGTACTGACATTAGATAATCAAGATCT,14045
SARS-CoV-2_46_RIGHT,false,TCTACAACAGGAACTCCACTACCT,14120
SARS-CoV-2_48_LEFT,true,ACTGTTTGGATGACAGATGCATTC,14338
SARS-CoV-2_47_RIGHT,false,TGGAACACCATCAACAAATATTTTTCTCA,14428
SARS-CoV-2_49_LEFT,true,ACAATGTTGCTTTTCAAACTGTCAAAC,14647
SARS-CoV-2_48_RIGHT,false,CAGAACTTCCTTCCTTAAAGAAACCC,14717
SARS-CoV-2_50_LEFT,true,CATTTAATAAATGGGGTAAGGCTAGACTTT,14953
SARS-CoV-2_49_RIGHT,false,GGGATGACATTACGTTTTGTATATGCG,15023
SARS-CoV-2_51_LEFT,true,GCAAATTCTATGGTGGTTGGCAC,15214
SARS-CoV-2_50_RIGHT,false,GAGCAAGAACAAGTGAGGCCAT,15336
SARS-CoV-2_52_LEFT,true,CTGTCACGGCCAATGTTAATGC,15535
SARS-CoV-2_51_RIGHT,false,GTCTGTGTTGTAAATTGCGGACA,15596
SARS-CoV-2_53_LEFT,true,ACTAAAGGACCTCATGAATTTTGCTC,15855
SARS-CoV-2_52_RIGHT,false,GGATCTGGGTAAGGAAGGTACACA,15917
SARS-CoV-2_54_LEFT,true,ACATGATGAGTTAACAGGACACATG,16112
SARS-CoV-2_53_RIGHT,false,GCAAAGAACACAAGCCCCAAC,16239
SARS-CoV-2_55_LEFT,true,AATGCTCCAGGTTGTGATGTCA,16386
SARS-CoV-2_54_RIGHT,false,CCAAAAACTTGTCCATTAGCACACA,16483
SARS-CoV-2_56_LEFT,true,ACTGTACGTGAAGTGCTGTCTG,16692
SARS-CoV-2_55_RIGHT,false,ACACGATAACCAGTAAAGACATAATTTCG,16767
SARS-CoV-2_57_LEFT,true,GGCTTATACCCAACACTCAATATCTCA,16986
SARS-CoV-2_56_RIGHT,false,TGACTCTTACCAGTACCAGGTGG,17082
SARS-CoV-2_58_LEFT,true,TGCCTGAGACGACAGCAGATAT,17323
SARS-CoV-2_57_RIGHT,false,CTGGCATTGACAACACTCAAATCA,17381
SARS-CoV-2_59_LEFT,true,GCTTAAAGCACATAAAGACAAATCAGC,17615
SARS-CoV-2_58_RIGHT,false,TGTGGCCTGTTAATTGCAGATGA,17688
SARS-CoV-2_60_LEFT,true,ACAGATTTAATGTTGCTATTACCAGAGC,17911
SARS-CoV-2_59_RIGHT,false,TCCTACGTGGAATTTCAAGACTTGT,17997
SARS-CoV-2_61_LEFT,true,ACCCTAACATGTTTATCACCCGC,18244
SARS-CoV-2_60_RIGHT,false,TAGCATGACACCCCTCGACAT,18307
SARS-CoV-2_62_LEFT,true,GTGACACACTTAAAAATCTCTCTGACAG,18550
SARS-CoV-2_61_RIGHT,false,GCTCAGGTCCTATTTTCACAAAATACTT,18624
SARS-CoV-2_63_LEFT,true,TAGGTGTCTAGCTGTCCACGAG,18869
SARS-CoV-2_62_RIGHT,false,CCGCATTAATCTTCAGTTCATCACC,18936
SARS-CoV-2_64_LEFT,true,GCCTATTTTGGAATTGCAATGTCGA,19183
SARS-CoV-2_63_RIGHT,false,CCAGGCAAGTTAAGGTTAGATAGCA,19252
SARS-CoV-2_65_LEFT,true,GTCTGTAGACATCATGCTAATGAGTACA,19485
SARS-CoV-2_64_RIGHT,false,GTATCAAATTGTTTGTAAACCCACAAGC,19558
SARS-CoV-2_66_LEFT,true,AACCAGTACCAGAGGTGAAAATACTC,19810
SARS-CoV-2_65_RIGHT,false,GCTGGAGCATCTCTTTTGTAGTCC,19877
SARS-CoV-2_67_LEFT,true,CAAACAAGCTAGTCTTAATGGAGTCAC,20090
SARS-CoV-2_66_RIGHT,false,TTTCTACTCTGAGTAAAGTAAGTTTCAGGT,20186
SARS-CoV-2_68_LEFT,true,GACTAGCTAAACGTTTTAAGGAATCACC,20377
SARS-CoV-2_67_RIGHT,false,AACACACACACTTAGATGAACCTGT,20472
SARS-CoV-2_69_LEFT,true,CGGGTGTTGCTATGCCTAATCT,20677
SARS-CoV-2_68_RIGHT,false,GCGACATTCATCATTATGCCTTTAGG,20766
SARS-CoV-2_70_LEFT,true,TTGATTGGTGATTGTGCAACTGTAC,20988
SARS-CoV-2_69_RIGHT,false,TTTGTAACATTTTTAGTCTTAGGGTCGTAC,21050
SARS-CoV-2_71_LEFT,true,GGCAAACCACGCGAACAAATAG,21294
SARS-CoV-2_70_RIGHT,false,AGAATAGGAAGACAACTGAATTGGATTTG,21358
SARS-CoV-2_72_LEFT,true,GTGATGTTCTTGTTAACAACTAAACGAAC,21532
SARS-CoV-2_71_RIGHT,false,TGAGGATCTGAAAACTTTGTCAGGG,21675
SARS-CoV-2_73_LEFT,true,AGAGGCTGGATTTTTGGTACTACT,21865
SARS-CoV-2_72_RIGHT,false,GTAGCGTTATTAACAATAAGTAGGGACTG,21904
SARS-CoV-2_74_LEFT,true,TGGACCTTGAAGGAAAACAGGG,22091
SARS-CoV-2_73_RIGHT,false,ACCTAGTGATGTTAATACCTATTGGCA,22247
SARS-CoV-2_75_LEFT,true,GAAAATGGAACCATTACAGATGCTGT,22402
SARS-CoV-2_74_RIGHT,false,TGATAGATTCCTTTTTCTACAGTGAAGGA,22474
SARS-CoV-2_76_LEFT,true,GCTGATTATTCTGTCCTATATAATTCCGC,22648
SARS-CoV-2_76_LEFT_alt1,true,ATGTCTATGCAGATTCATTTGTAATTAGAGGT,22742
SARS-CoV-2_75_RIGHT,false,TTTGCCCTGGAGCGATTTGT,22785
SARS-CoV-2_77_LEFT,true,CAAACCTTTTGAGAGAGATATTTCAACTGA,22944
SARS-CoV-2_76_RIGHT,false,GTTGGAAACCATATGATTGTAAAGGAAAG,23028
SARS-CoV-2_76_RIGHT_alt1,false,GTCCACAAACAGTTGCTGGTG,23120
SARS-CoV-2_78_LEFT,true,CTGAGTCTAACAAAAAGTTTCTGCCTT,23219
SARS-CoV-2_77_RIGHT,false,CACTGACACCACCAAAAGAACATG,23327
SARS-CoV-2_79_LEFT,true,ACCCATTGGTGCAGGTATATGC,23553
SARS-CoV-2_78_RIGHT,false,GGATTGACTAGCTACACTACGTGC,23611
SARS-CoV-2_80_LEFT,true,CCGTGCTTTAACTGGAATAGCTG,23853
SARS-CoV-2_79_RIGHT_alt1,false,AATTGGTGGTGTTTTGTAAATTTGTTTGAC,23914
SARS-CoV-2_79_RIGHT,false,CCAAAATCTTTAATTGGTGGTGTTTTGT,23927
SARS-CoV-2_81_LEFT,true,TGCTCAATACACTTCTGCACTGT,24171
SARS-CoV-2_80_RIGHT,false,GCAAATGGTATTTGTAATGCAGCAC,24233
SARS-CoV-2_82_LEFT,true,TGCACAAGCTTTAAACACGCTT,24426
SARS-CoV-2_81_RIGHT,false,TGAAGTCTGCCTGTGATCAACC,24545
SARS-CoV-2_83_LEFT,true,GCATGTGACTTATGTCCCTGCA,24750
SARS-CoV-2_82_RIGHT,false,CACGAGGAAAGTGTGCTTTTCC,24814
SARS-CoV-2_84_LEFT,true,GTTGATTTAGGTGACATCTCTGGCA,25051
SARS-CoV-2_83_RIGHT,false,AGATTCATTTAAATTCTTGGCAACCTCA,25122
SARS-CoV-2_85_LEFT,true,ATGAAGACGACTCTGAGCCAGT,25331
SARS-CoV-2_84_RIGHT,false,AGCATCCTTGATTTCACCTTGCT,25438
SARS-CoV-2_86_LEFT,true,TGTTGTTTGTAACAGTTTACTCACACC,25645
SARS-CoV-2_85_RIGHT,false,CTGCAAGAAGTAGACTAAAGCATAAAGAT,25711
SARS-CoV-2_87_LEFT,true,GTGGTTATACTGAAAAATGGGAATCTGG,25951
SARS-CoV-2_86_RIGHT,false,TCAATTGAGTTGAGTACAGCTGGT,26026
SARS-CoV-2_88_LEFT_alt1,true,TTATGTACTCATTCGTTTCGGAAGAG,26242
SARS-CoV-2_88_LEFT,true,CGTTTCGGAAGAGACAGGTACG,26255
SARS-CoV-2_87_RIGHT,false,AATCGAAGCGCAGTAAGGATGG,26338
SARS-CoV-2_89_LEFT,true,AAGCTCCTTGAACAATGGAACCT,26564
SARS-CoV-2_89_LEFT_alt1,true,TAGGTTTCCTATTCCTTACATGGATTTGT,26592
SARS-CoV-2_88_RIGHT,false,ACAAAAACCTATTCCTGTTGGCATAG,26635
SARS-CoV-2_90_LEFT,true,ATTCTTCTCAACGTGCCACTCC,26873
SARS-CoV-2_89_RIGHT,false,CAGCAATACGAAGATGTCCACGA,26956
SARS-CoV-2_89_RIGHT_alt1,false,CTAGATGGTGTCCAGCAATACGAAG,26966
SARS-CoV-2_91_LEFT,true,TCCAGTAGCAGTGACAATATTGCTT,27152
SARS-CoV-2_90_RIGHT_alt1,false,ATTAGTAATATCTCTGCTATAGTAACCTGAAAG,27218
SARS-CoV-2_90_RIGHT,false,TCCAAATGGAAACTTTAAAAGTCCTCA,27256
SARS-CoV-2_92_LEFT,true,CACTACCAAGAGTGTGTTAGAGGTAC,27447
SARS-CoV-2_91_RIGHT,false,AGTGCAAATTTGTTATCAGCTAGAGG,27534
SARS-CoV-2_93_LEFT,true,TTGTTGCGGCAATAGTGTTTATAACA,27700
SARS-CoV-2_92_RIGHT,false,GTTCAAGTGAGAACCAAAAGATAATAAGC,27826
SARS-CoV-2_94_LEFT,true,ACCCGTGTCCTATTCACTTCTATTC,27996
SARS-CoV-2_93_RIGHT,false,TGGGTGATTTAGAACCAGCCTC,28082
SARS-CoV-2_95_LEFT,true,GTGCGTTGTTCGTTCTATGAAGAC,28190
SARS-CoV-2_94_RIGHT,false,TTATTGGGTAAACCTTGGGGCC,28394
SARS-CoV-2_96_LEFT,true,AGATGACCAAATTGGCTACTACCG,28512
SARS-CoV-2_95_RIGHT,false,ACCATCTTGGACTGAGATCTTTCATT,28572
SARS-CoV-2_97_LEFT,true,TTCCTCATCACGTAGTCGCAAC,28827
SARS-CoV-2_96_RIGHT,false,CCATTGCCAGCCATTCTAGCA,28893
SARS-CoV-2_98_LEFT,true,CCAGGAACTAATCAGACAAGGAACT,29136
SARS-CoV-2_97_RIGHT,false,CGACATTCCGAAGAACGCTGA,29206
SARS-CoV-2_99_LEFT,true,CTTCTTCCTGCTGCAGATTTGGA,29452
SARS-CoV-2_98_RIGHT,false,TTTAGGCCTGAGTTGAGTCAGC,29512
SARS-CoV-2_99_RIGHT,false,GCTATTAAAATCACATGGGGATAGCAC,29827
